text,label
"Congratulations! You have been selected for a high-paying position at TechCorp India. Pay ₹5000 registration fee immediately to secure your spot. Limited time offer!",1
"URGENT: Work from home and earn ₹50,000/month. No experience needed. Send payment via UPI to 9876543210@paytm to start today. Guaranteed income!",1
"You have been hired by Global Solutions! Send ₹2000 training fee to get your offer letter. This is a genuine opportunity with top MNC. Join immediately!",1
"Immediate joining required! Pay ₹1000 for documentation and verification. Salary ₹80,000/month guaranteed. Apply now!",1
"Selected candidate! Deposit ₹3000 for equipment setup. Work from home, flexible hours, high salary. Limited seats!",1
"Congratulations on your selection! Pay ₹1500 for ID card and uniform. Join immediately with ₹60,000 monthly salary. Top company!",1
"You got the job! Send ₹2500 to process your offer letter. This is a legitimate company with great benefits. Don't miss out!",1
"Urgent hiring! Pay ₹500 for interview registration. High salary package, work from home available. No interview needed!",1
"Final selection! Pay ₹4000 for training material. Start earning ₹70,000/month from home. 100% genuine!",1
"Congratulations! Send ₹1800 via Google Pay to receive your appointment letter. Limited seats available. Act now!",1
"You are hired! Immediate payment of ₹2200 required for background verification. Salary ₹90,000/month. Top MNC!",1
"Selected for high-paying role! Pay ₹3500 for software and tools. Work remotely with flexible timing. ₹85,000 monthly!",1
"Congratulations on your offer! Pay ₹2800 for company ID and access cards. Join today with ₹55,000 salary package!",1
"Urgent: You have been selected! Send ₹1200 for profile verification. Start working immediately. High paying!",1
"Final round cleared! Pay ₹4500 for onboarding kit. Salary ₹75,000/month, work from home. Genuine opportunity!",1
"Congratulations! Pay ₹3200 for training certification. Guaranteed placement with ₹65,000 monthly salary. Top company!",1
"You got selected! Immediate payment of ₹1900 required for offer processing. Join today with great benefits!",1
"Selected candidate! Pay ₹2700 for equipment. Work from home with ₹85,000 monthly salary. Limited time!",1
"Congratulations! Send ₹2300 for documentation. This is a genuine opportunity with ₹70,000 salary. Apply now!",1
"Urgent hiring! Pay ₹1600 for registration. High salary, immediate joining, no interview needed. 100% real!",1
"You have been selected! Pay ₹3800 for background check. Salary ₹95,000/month. Top MNC with great benefits!",1
"Congratulations on your selection! Pay ₹2100 for company registration. Join immediately. Limited seats!",1
"Selected for premium position! Pay ₹4200 for training materials. Salary ₹80,000/month guaranteed. Genuine!",1
"You got the job! Send ₹1700 for ID verification. Start today with ₹60,000 monthly salary. Top company!",1
"Final selection! Pay ₹2900 for onboarding. Work from home with flexible hours and high pay. ₹77,000 monthly!",1
"Congratulations! Pay ₹2400 for offer letter processing. This is a legitimate opportunity. Don't miss!",1
"Urgent: You have been hired! Send ₹3600 for equipment setup. Salary ₹89,000/month. Work from home!",1
"Selected candidate! Pay ₹1300 for profile activation. Immediate joining with great benefits. Top MNC!",1
"Congratulations! Pay ₹3100 for training. Guaranteed placement with ₹72,000 monthly salary. Genuine!",1
"You got selected! Pay ₹2600 for documentation. Join top MNC with ₹78,000 salary. Apply now!",1
"Congratulations on your offer! Pay ₹2000 for company registration. Start working today. High paying!",1
"Selected for high-paying role! Pay ₹3300 for software. Work remotely with ₹82,000 salary. Flexible!",1
"You have been selected! Pay ₹3700 for background verification. Salary ₹92,000/month. Top company!",1
"Congratulations! Send ₹1400 for ID card. Join immediately with ₹58,000 monthly salary. Genuine!",1
"Final round cleared! Pay ₹3900 for onboarding. Salary ₹76,000/month, work from home. Great opportunity!",1
"Congratulations! Pay ₹2500 for training certification. Salary ₹68,000/month guaranteed. Top MNC!",1
"You got selected! Pay ₹1800 for offer processing. Join today with top company. Great benefits!",1
"Selected candidate! Pay ₹3400 for equipment. Work from home with ₹84,000 salary. Limited time!",1
"Congratulations! Send ₹2700 for documentation. This is genuine with ₹74,000 salary. Apply now!",1
"Urgent hiring! Pay ₹1500 for registration. Immediate joining, high salary package. 100% real!",1
"You have been selected! Pay ₹4100 for background check. Salary ₹96,000/month. Top MNC!",1
"Congratulations on your selection! Pay ₹2200 for company registration. Join immediately. Great opportunity!",1
"Selected for premium position! Pay ₹3000 for training. Salary ₹81,000/month. Genuine!",1
"You got the job! Send ₹1600 for ID verification. Start with ₹62,000 monthly salary. Top company!",1
"Final selection! Pay ₹2800 for onboarding. Work from home with ₹77,000 salary. Flexible hours!",1
"Congratulations! Pay ₹2300 for offer letter. This is a legitimate opportunity. Don't miss out!",1
"Urgent: You have been hired! Send ₹3500 for equipment. Salary ₹89,000/month. Work from home!",1
"Selected candidate! Pay ₹1200 for profile activation. Immediate joining. Great benefits!",1
"Congratulations! Pay ₹3200 for training. Placement with ₹73,000 monthly salary. Genuine!",1
"You got selected! Pay ₹2500 for documentation. Join MNC with ₹79,000 salary. Apply now!",1
"Thank you for applying to Google India. We have received your application for Software Engineer position. Our team will review your profile and get back to you within 2 weeks.",0
"Interview scheduled for Microsoft India Software Engineer role on 15th August at 10:00 AM. Please bring your resume and ID proof. Venue: Microsoft Campus, Hyderabad.",0
"Application received for Amazon Development Associate position. Your profile is under review. We will contact you if shortlisted for further rounds.",0
"Congratulations! You have been shortlisted for the Technical Interview at Infosys. Round 1: Online Assessment on 20th August. Details sent to your email.",0
"Your application for TCS Digital Hiring Program has been received. Please complete the online assessment by 25th August to proceed further.",0
"Wipro recruitment process: You have cleared the online test. Next round: Technical Interview on 18th August. Check your email for meeting link.",0
"Accenture hiring drive: Your profile matches our requirements for Software Developer. Please attend the interview on 22nd August at our Bangalore office.",0
"HCL Technologies: Application received for Graduate Trainee position. Shortlisted candidates will be notified via email for interview schedule.",0
"Thank you for your interest in IBM India. We are reviewing your application for Data Analyst role. Selected candidates will be contacted for interview.",0
"Capgemini recruitment: You have been invited for Group Discussion on 19th August. Venue: Capgemini Office, Pune. Time: 2:00 PM.",0
"Your application for Cognizant Technology Solutions is under review. Please ensure your profile is complete. We will update you on next steps.",0
"Tech Mahindra hiring: Online assessment completed successfully. Next round: Technical Interview scheduled for 21st August.",0
"Deloitte application received for Consulting role. Our team will review your profile and shortlist suitable candidates for interview process.",0
"Thank you for applying to Oracle India. Your application for Database Administrator position is being processed. We will contact you soon.",0
"SAP recruitment drive: You have been shortlisted for Technical Interview. Round details sent to your registered email address.",0
"Your application for Adobe Software Engineer role has been received. Our hiring team will review and contact you if selected.",0
"Cisco Systems: Application received for Network Engineer position. Please complete the technical assessment by 30th August.",0
"Intel recruitment: Profile matched for Hardware Engineer role. Interview process details will be shared via email.",0
"Thank you for applying to NVIDIA India. Your application for GPU Computing Specialist is under review.",0
"Qualcomm hiring: You have been shortlisted for Technical Interview. Interview schedule: 23rd August at 11:00 AM.",0
"Your application for AMD Software Developer position is being processed. We will update you on further steps.",0
"Broadcom recruitment: Online test completed successfully. Next round: HR Interview on 24th August.",0
"Texas Instruments: Application received for Embedded Systems Engineer. Shortlisted candidates will be notified.",0
"Analog Devices hiring: Profile shortlisted for Technical Interview. Interview details sent to your email.",0
"Thank you for applying to Linear Technology. Your application for Circuit Design role is under review.",0
"Maxim Integrated recruitment: You have been invited for Technical Discussion on 26th August.",0
"Your application for Microchip Technology is being processed. We will contact you for interview if selected.",0
"ON Semiconductor hiring: Online assessment completed. Next round: Technical Interview scheduled.",0
"NXP Semiconductors: Application received for Embedded Software Engineer. Review in progress.",0
"Infineon Technologies: Profile shortlisted for interview. Interview schedule will be shared soon.",0
"Thank you for applying to STMicroelectronics. Your application for IoT Engineer role is under review.",0
"Renesas recruitment: You have been invited for Technical Interview on 28th August.",0
"Your application for Cypress Semiconductor is being processed. We will update you shortly.",0
"Monolithic Power Systems hiring: Profile matched for Power Electronics Engineer role.",0
"Vishay Intertechnology: Application received for Component Engineer. Review in progress.",0
"Thank you for applying to KEMET. Your application for Capacitor Design role is under review.",0
"AVX recruitment: You have been shortlisted for Technical Interview. Details sent via email.",0
"Your application for TDK Electronics is being processed. We will contact you soon.",0
"Murata Manufacturing hiring: Profile shortlisted for Component Engineer role.",0
"Yageo Corporation: Application received for Resistor Design position. Review in progress.",0
"Thank you for applying to Panasonic India. Your application for Battery Engineer role is under review.",0
"Samsung SDI recruitment: You have been invited for Technical Interview on 29th August.",0
"Your application for LG Chem is being processed. We will update you on next steps.",0
"CATL hiring: Profile matched for Battery Design Engineer role. Interview details to follow.",0
"BYD Company: Application received for EV Battery Engineer. Shortlisted candidates will be notified.",0
"Thank you for applying to Tesla India. Your application for Energy Storage Engineer is under review.",0
